dayType,time,route,from,direction
Будні,06:30,119,Волиця,Житомир
Будні,07:00,119,Волиця,Житомир
Будні,07:20,119,Волиця,Житомир
Будні,07:50,119,Сінгури,Житомир
Будні,08:20,119,Волиця,Житомир
Будні,09:00,119,Волиця,Житомир
Будні,09:40,119,Сінгури,Житомир
Будні,10:20,119,Волиця,Житомир
Будні,11:00,119,Волиця,Житомир
Будні,11:55,119,Волиця,Житомир
Будні,12:50,119,Волиця,Житомир
Будні,13:40,119,Сінгури,Житомир
Будні,14:20,119,Волиця,Житомир
Будні,15:00,119,Сінгури,Житомир
Будні,16:05,119,Волиця,Житомир
Будні,17:00,119,Волиця,Житомир
Будні,17:35,119,Сінгури,Житомир
Будні,18:05,119,Волиця,Житомир
Будні,19:00,119,Волиця,Житомир
Будні,19:55,119,Волиця,Житомир
Будні,20:40,119,Волиця,Житомир
Вихідні,06:50,119,Волиця,Житомир
Вихідні,07:20,119,Волиця,Житомир
Вихідні,08:20,119,Волиця,Житомир
Вихідні,09:00,119,Волиця,Житомир
Вихідні,10:20,119,Волиця,Житомир
Вихідні,11:00,119,Волиця,Житомир
Вихідні,12:00,119,Волиця,Житомир
Вихідні,13:15,119,Волиця,Житомир
Вихідні,14:20,119,Волиця,Житомир
Вихідні,15:40,119,Волиця,Житомир
Вихідні,17:00,119,Волиця,Житомир
Вихідні,18:05,119,Волиця,Житомир
Вихідні,19:00,119,Волиця,Житомир
Вихідні,19:55,119,Волиця,Житомир
Вихідні,20:50,119,Волиця,Житомир
Будні,06:10,119,,Волиця
Будні,06:40,119,,Волиця
Будні,07:15,119,,Сінгури
Будні,07:35,119,,Волиця
Будні,08:15,119,,Волиця
Будні,08:55,119,,Сінгури
Будні,09:25,119,,Волиця
Будні,10:00,119,,Волиця
Будні,11:00,119,,Волиця
Будні,12:00,119,,Волиця
Будні,13:00,119,,Сінгури
Будні,13:40,119,,Волиця
Будні,14:25,119,,Сінгури
Будні,15:10,119,,Волиця
Будні,16:05,119,,Волиця
Будні,16:50,119,,Сінгури
Будні,17:20,119,,Волиця
Будні,18:10,119,,Волиця
Будні,19:00,119,,Волиця
Будні,19:50,119,,Волиця
Будні,20:40,119,,Сінгури
Вихідні,06:10,119,,Волиця
Вихідні,06:40,119,,Волиця
Вихідні,07:30,119,,Волиця
Вихідні,08:15,119,,Волиця
Вихідні,09:25,119,,Волиця
Вихідні,10:00,119,,Волиця
Вихідні,11:20,119,,Волиця
Вихідні,12:30,119,,Волиця
Вихідні,13:35,119,,Волиця
Вихідні,15:00,119,,Волиця
Вихідні,16:05,119,,Волиця
Вихідні,17:20,119,,Волиця
Вихідні,18:10,119,,Волиця
Вихідні,19:00,119,,Волиця
Вихідні,20:10,119,,Волиця
